condition,accuracy
B,0.3
D,0.6666666666666666
O,0.7
T,0.7333333333333333
eta,1.1818181818181819
