provider,free_gap,factlock_recovery,priority_recovery,residual_factlock_gap
ALL,0.23333333333333328,0.23333333333333328,0.0,0.0
anthropic_sonnet_4_6,0.23333333333333328,0.23333333333333328,0.0,0.0
