provider,condition,accuracy
ALL,B,0.5333333333333333
ALL,D,0.7
ALL,O,0.7333333333333333
ALL,T,0.36666666666666664
ALL,T_factlocked,0.9666666666666667
ALL,T_oracle_text,1.0
ALL,eta,-1.0000000000000004
openai_gpt_4_1_mini,B,0.5333333333333333
openai_gpt_4_1_mini,D,0.7
openai_gpt_4_1_mini,O,0.7333333333333333
openai_gpt_4_1_mini,T,0.36666666666666664
openai_gpt_4_1_mini,T_factlocked,0.9666666666666667
openai_gpt_4_1_mini,T_oracle_text,1.0
openai_gpt_4_1_mini,eta,-1.0000000000000004
