condition,accuracy
B,0.5
D,1.0
O,1.0
T,0.9666666666666667
eta,0.9333333333333333
